Company,Subsidiaries
"H&R Block, Inc.",
"Cisco Systems, Inc.",
Comerica Incorporated,
CSX Corporation,
Genuine Parts Company,
Chubb Limited,
"Nasdaq, Inc.",
Stryker Corporation,
Seagate Technology plc,
CVS Health Corporation,
"CF Industries Holdings, Inc.",
Ameren Corporation,
"YUM! Brands, Inc.",
"Franklin Resources, Inc.",
"Lamb Weston Holdings, Inc.",
"Cardinal Health, Inc.",
DaVita Inc.,
"IDEXX Laboratories, Inc.",
"Everest Re Group, Ltd.",
Packaging Corporation of America,
"Facebook, Inc.",
Jacobs Engineering Group Inc.,
"The Williams Companies, Inc.",
"Paychex, Inc.",
Mettler-Toledo International Inc.,
Lennar Corporation,
CMS Energy Corporation,
McDonald's Corporation,
Adobe Inc.,
A. O. Smith Corporation,
HP Inc.,
Northrop Grumman Corporation,
"Arista Networks, Inc.",
"Ulta Beauty, Inc.",
Costco Wholesale Corporation,
Berkshire Hathaway Inc.,
"Rockwell Automation, Inc.",
"The Goldman Sachs Group, Inc.",
Illinois Tool Works Inc.,
Caterpillar Inc.,
SVB Financial Group,
Vulcan Materials Company,
"Alaska Air Group, Inc.",
"Helmerich & Payne, Inc.",
"Citrix Systems, Inc.",
"Cboe Global Markets, Inc.",
Apple Inc.,
Weyerhaeuser Company,
3M Company,
Federal Express Corporation (US),
"The Cooper Companies, Inc.",
"ONEOK, Inc.",
CME Group Inc.,
"Anthem, Inc.",
General Dynamics Corporation,
Campbell Soup Company,
"The PNC Financial Services Group, Inc.",
Xylem Inc.,
Quest Diagnostics Incorporated,
"Raymond James Financial, Inc.",
Union Pacific Corporation,
"ANSYS, Inc.",
Texas Instruments Incorporated,
"Assurant, Inc.",
Norwegian Cruise Line Holdings Ltd.,
Linde plc,
Humana Inc.,
"Analog Devices, Inc.",
Concho Resources Inc.,
Apache Corporation,
Fastenal Company,
"Citizens Financial Group, Inc.",
AbbVie Inc.,
Robert Half International Inc.,
Hormel Foods Corporation,
Moody's Corporation,
"Advance Auto Parts, Inc.",
"Maxim Integrated Products, Inc.",
Amgen Inc.,
"D.R. Horton, Inc.",
Mastercard Incorporated,
Ralph Lauren Corporation,
Synchrony Financial,
"Constellation Brands, Inc.",
Phillips 66,
"Alexandria Real Estate Equities, Inc.",
"Automatic Data Processing, Inc.",
"Martin Marietta Materials, Inc.",
Microsoft Corporation,
Nucor Corporation,
Mylan N.V.,
The Allstate Corporation,
Philip Morris International Inc.,
Flowserve Corporation,
"Under Armour, Inc.",
Equity Residential,
"United Continental Holdings, Inc.",United Airlines
"Advanced Micro Devices, Inc.",
Waters Corporation,
DTE Electric Company,
WestRock Company,
Regions Financial Corporation,
V.F. Corporation,
"Charter Communications, Inc.",
The AES Corporation,
HollyFrontier Corporation,
"Twitter, Inc.",
"FleetCor Technologies, Inc.",
Pentair plc,
Avery Dennison Corporation,
Harris Corporation,
"NIKE, Inc.",
"Activision Blizzard, Inc.",
"Affiliated Managers Group, Inc.",
"Qorvo, Inc.",
SBA Communications Corporation,
"Church & Dwight Co., Inc.",
Cintas Corporation,
Biogen Inc.,
Danaher Corporation,
Alphabet Inc.,Google LLC
"Altria Group, Inc.",
FirstEnergy Corp.,
"CarMax, Inc.",
"The Home Depot, Inc.",
Aon plc,
Torchmark Corporation,
"Lowe's Companies, Inc.",
Connecticut General Corporation,
Cigna Corporation,
"American Water Works Company, Inc.",
"Gilead Sciences, Inc.",
"Tyson Foods, Inc.",
"NetApp, Inc.",
"Alpha Industries, Inc.","Alpha Natural Resources, Inc."
The Coca-Cola Company,
Newell Brands Inc.,
"Abiomed, Inc.",
Anadarko Petroleum Corporation,
"J.B. Hunt Transport Services, Inc.",
Lockheed Martin Corporation,
Garmin Ltd.,
Cabot Oil & Gas Corporation,
"United Rentals, Inc.",
PPL Electric Utilities Corporation,
"Air Products and Chemicals, Inc.",
Fortive Corporation,
Ecolab Inc.,
"WEC Energy Group, Inc.",
"Host Hotels & Resorts, Inc.",
SunTrust Bank Holding Company,
"AutoZone, Inc.",
Allegion plc,
"American International Group, Inc.",
Archer-Daniels-Midland Company,
"Dominion Energy, Inc.",
Western Digital Corporation,
Pioneer Natural Resources Company,
Eversource Energy,
BorgWarner Inc.,
"Fortinet, Inc.",
Johnson & Johnson,
BB&T Corporation,
IQVIA Holdings Inc.,
"Digital Realty Trust, Inc.",
"PepsiCo, Inc.",
Schlumberger Limited,
Whirlpool Corporation,
Kansas City Southern,
International Paper Company,
Arthur J. Gallagher & Co.,
"Jack Henry & Associates, Inc.",
CBS Corporation,
"Motorola Solutions, Inc.",
Lam Research Corporation,
"WellCare Health Plans, Inc.",
"Conagra Brands, Inc.",
"Best Buy Co., Inc.",
Dover Corporation,
"Tapestry, Inc.",
Perrigo Company plc,
"C.H. Robinson Worldwide, Inc.",
Amphenol Corporation,
Hanesbrands Inc.,
Omnicom Group Inc.,
Iron Mountain Incorporated,
"The Gap, Inc.",
"Diamondback Energy, Inc.",
Halliburton Company,
Jefferies Financial Group Inc.,
Welltower Inc.,
Parker-Hannifin Corporation,
"Kinder Morgan, Inc.",
"Gartner, Inc.",
Target Corporation,
"Zions Bancorporation, National Association",
"Noble Energy, Inc.",
"salesforce.com, inc.",
"FLIR Systems, Inc.",
Allergan plc,
NiSource Inc.,
Public Service Enterprise Group Incorporated,
"Boston Properties, Inc.",
"Mondelez International, Inc.",
Aflac Incorporated,
"Fiserv, Inc.",
Kohl's Corporation,
"Dollar Tree, Inc.",
"Walgreens Boots Alliance, Inc.",
"Darden Restaurants, Inc.",
The Walt Disney Company,
Zoetis Inc.,
American Airlines Group Inc.,
The Bank of New York Mellon Corporation,
"Copart, Inc.",
Nielsen Holdings plc,
Bank of America Corporation,
Alliance Data Systems Corporation,
Edison International,
UnitedHealth Group Incorporated,
News Corporation,
Intuit Inc.,
"Hasbro, Inc.",
Walmart Inc.,
Edwards Lifesciences Corporation,
IHS Markit Ltd.,
Union Electric Company,
"Fidelity National Information Services, Inc.",
"Baker Hughes, a GE company",
Molson Coors Brewing Company,
Ingersoll-Rand Plc,
Loews Corporation,
"Leggett & Platt, Incorporated",
Medtronic plc,
S&P Global Inc.,
Valero Energy Corporation,
The Kroger Co.,
TechnipFMC plc,
"General Mills, Inc.",
"AMETEK, Inc.",
Hewlett Packard Enterprise Company,
Exelon Corporation,
"L Brands, Inc.",
"Prologis, Inc.",
"NextEra Energy, Inc.",
Exxon Mobil Corporation,
"Stanley Black & Decker, Inc.",
Extra Space Storage Inc.,
"Illumina, Inc.",
Eli Lilly and Company,
"O'Reilly Automotive, Inc.",
Thermo Fisher Scientific Inc.,
Abbott Laboratories,
"T. Rowe Price Group, Inc.",
International Business Machines Corporation,
Sempra Energy,
"CenturyLink, Inc.",
"Intercontinental Exchange, Inc.",
Microchip Technology Incorporated,
Unum Group,
Marathon Oil Corporation,
"Fortune Brands Home & Security, Inc.",
"Huntington Ingalls Industries, Inc.",
"Intuitive Surgical, Inc.",
Cerner Corporation,
Equifax Inc.,
"Juniper Networks, Inc.",
The Progressive Corporation,Progressive Insurance
ConocoPhillips,
Ohio Edison Company,
"Essex Property Trust, Inc.",
Pfizer Inc.,
Eastman Chemical Company,
Capri Holdings Limited,
Laboratory Corporation of America Holdings,
Accenture plc,
Aptiv PLC,
"United Parcel Service, Inc.",
Hilton Worldwide Holdings Inc.,
"Varian Medical Systems, Inc.",
Invesco Ltd.,
The Estee Lauder Companies Inc.,
Freeport-McMoRan Inc.,
Capital One Financial Corporation,
"McCormick & Company, Incorporated",
Public Storage,
McKesson Corporation,
"Roper Technologies, Inc.",
Cimarex Energy Co.,
PPL Corporation,
Marathon Petroleum Corporation,
American Express Company,
Johnson Controls International plc,
Pacific Enterprises Inc.,Sempra Energy
"Mid-America Apartment Communities, Inc.",
"The Travelers Companies, Inc.",
TE Connectivity Ltd.,
Dollar General Corporation,
"HCA Healthcare, Inc.",
"PerkinElmer, Inc.",
"The Hartford Financial Services Group, Inc.",
The Sherwin-Williams Company,
"UDR, Inc.",
"Netflix, Inc.",
Xerox Corporation,
Chevron Corporation,
KLA-Tencor Corporation,
"Red Hat, Inc.",
Masco Corporation,
"Synopsys, Inc.",
"Applied Materials, Inc.",
Emerson Electric Co.,
"Ross Stores, Inc.",
"BlackRock, Inc.",
JPMorgan Chase & Co.,
eBay Inc.,
Vornado Realty Trust,
AT&T Inc.,
The Procter & Gamble Company,
Tiffany & Co.,
The Kraft Heinz Company,
"PayPal Holdings, Inc.",
Boston Scientific Corporation,
State Street Corporation,
"Evergy, Inc.",
Centene Corporation,
The Western Union Company,
Realty Income Corporation,
DISH Network Corporation,
"Wynn Resorts, Limited",
"Nordstrom, Inc.",
"Total System Services, Inc.",
"Marriott International, Inc.",
LyondellBasell Industries N.V.,
"EOG Resources, Inc.",
"Becton, Dickinson and Company",
"National Oilwell Varco, Inc.",
Macerich Company,
ResMed Inc.,
"Autodesk, Inc.",
Duke Realty Corporation,
"Equinix, Inc. (REIT)",
Intel Corporation,
FedEx Corporation,
"F5 Networks, Inc.",
Celgene Corporation,
"Delta Air Lines, Inc.",
"Discovery, Inc.",
Hess Corporation,
Global Payments Inc.,
"Akamai Technologies, Inc.",
Northern Trust Corporation,
Carnival Corporation,
"VeriSign, Inc.",
"Foot Locker, Inc.",
"TripAdvisor, Inc.",
Kimberly-Clark Corporation,
"Ventas, Inc.",
Coty Inc.,
Textron Inc.,
"Skyworks Solutions, Inc.",
Bristol-Myers Squibb Company,
"Xilinx, Inc.",
M&T Bank Corporation,
"Micron Technology, Inc.",
"Keysight Technologies, Inc.",
Nektar Therapeutics,
Visa Inc.,
"CBRE Group, Inc.",
Honeywell International Inc.,
Vertex Pharmaceuticals Incorporated,
"Consolidated Edison Company of New York, Inc.",
"Macy's, Inc.",
Comcast Corporation,
Kimco Realty Corporation,
The Southern Company,
Norfolk Southern Corporation,
Occidental Petroleum Corporation,
Snap-on Incorporated,
Broadcom Inc.,
"SunTrust Banks, Inc.",
Baxter International Inc.,
Electronic Arts Inc.,
Fifth Third Bancorp,
Tractor Supply Company,
Southwest Airlines Co.,
Cincinnati Financial Corporation,
"Amazon.com, Inc.",
"MetLife, Inc.",
PECO Energy Company,
International Flavors & Fragrances Inc.,
Pinnacle West Capital Corporation,
Wells Fargo & Company,
Citigroup Inc.,
"L3 Technologies, Inc.",
"Quanta Services, Inc.",
"Combined Insurance Company of America, Inc.",
Ball Corporation,
Apartment Investment and Management Company,
"Verisk Analytics, Inc.",
"Align Technology, Inc.",
"HCP, Inc.",
Cognizant Technology Solutions Corporation,
General Motors Company,
SL Green Realty Corp.,
Kellogg Company,
"The TJX Companies, Inc.",
"American Electric Power Company, Inc.",
"W.W. Grainger, Inc.",
KeyCorp,
"Alexion Pharmaceuticals, Inc.",
Monster Beverage Corporation,
"AvalonBay Communities, Inc.",
"Zimmer Biomet Holdings, Inc.",
"Broadridge Financial Solutions, Inc.",
"Waste Management, Inc.",
Verizon Communications Inc.,
"Merck & Co., Inc.",
Kansas Power & Light Co,
Brown-Forman Corporation,
American Tower Corporation (REIT),
"Regeneron Pharmaceuticals, Inc.",
"Mohawk Industries, Inc.",
Alliant Energy Corporation,
Sysco Corporation,
"Harley-Davidson, Inc.",
Albemarle Corporation,
"Marsh & McLennan Companies, Inc.",
Norfolk & Western Railway Co.,
"Henry Schein, Inc.",
The Mosaic Company,
Duke Energy Corporation,
"Principal Financial Group, Inc.",
"Universal Health Services, Inc.",
FMC Corporation,
ETRADE Financial Corporation,
Corning Incorporated,
MGM Resorts International,
Ford Motor Company,
Viacom Inc.,
Colgate-Palmolive Company,
The Hershey Company,
Sealed Air Corporation,
United Technologies Corporation,
QUALCOMM Incorporated,
"CenterPoint Energy, Inc.",
Newmont Goldcorp Corporation,
Willis Towers Watson Public Limited Company,
Raytheon Company,
Incyte Corporation,
Arconic Inc.,
Deere & Company,
"Ameriprise Financial, Inc.",
"Expedia Group, Inc.",
Xcel Energy Inc.,
"Take-Two Interactive Software, Inc.",
"Agilent Technologies, Inc.",
LKQ Corporation,
DENTSPLY SIRONA Inc.,
Oracle Corporation,
Eaton Corporation plc,
Cummins Inc.,
"PPG Industries, Inc.",
Celanese Corporation,
AmerisourceBergen Corporation,
Starbucks Corporation,
"The Interpublic Group of Companies, Inc.",
Discover Financial Services,
Crown Castle International Corp. (REIT),
PACCAR Inc,
"Prudential Financial, Inc.",
Morgan Stanley,
"Chipotle Mexican Grill, Inc.",
DTE Energy Company,
"PulteGroup, Inc.",
The J. M. Smucker Company,
"People's United Financial, Inc.",
The Boeing Company,
General Electric Company,
NVIDIA Corporation,
Devon Energy Corporation,
"Hologic, Inc.",
"Consolidated Edison, Inc.",
IPG Photonics Corporation,
U.S. Bancorp,
TransDigm Group Incorporated,
Entergy Corporation,
"Simon Property Group, Inc.",
DXC Technology Company,
Lincoln National Corporation,
Symantec Corporation,
Royal Caribbean Cruises Ltd.,
"Cadence Design Systems, Inc.",
Booking Holdings Inc.,
"Rollins, Inc.",
"Republic Services, Inc.",
Huntington Bancshares Incorporated,
PVH Corp.,
Regency Centers Corporation,
"Expeditors International of Washington, Inc.",
The Clorox Company,
MSCI Inc.,
"NRG Energy, Inc.",
The Charles Schwab Corporation,
